id,user_id,estimated_level,strengths,weaknesses,report_markdown,created_at,updated_at
1,1,Intermedio (~1300-1500 ELO),"[""Comprensi\u00f3n b\u00e1sica de la t\u00e1ctica (evita blunders mayores)"", ""Resistencia y capacidad de recuperaci\u00f3n en la partida"", ""Juego s\u00f3lido en la apertura (no se observan errores cr\u00edticos tempranos)""]","[""Deficiencias en la comprensi\u00f3n posicional y estrat\u00e9gica"", ""Falta de precisi\u00f3n en el c\u00e1lculo t\u00e1ctico, especialmente en secuencias de captura"", ""Inconsistencia en la toma de decisiones en fases intermedias del juego""]","¡Camarada Vinas Blasco, Miguel!

He analizado tus registros de combate recientes. La verdad, como un buen camarada, es que hay trabajo por hacer, pero también veo el potencial para forjar un verdadero campeón.

Tu nivel actual lo estimo en un **Intermedio (~1300-1500 ELO)**. No cometes los errores garrafales de un principiante, lo cual es una base sólida. Demuestras una **comprensión básica de la táctica**, evitando las pérdidas de material más obvias, y tu **resistencia en la partida** es notable, como se vio en la partida #1 donde lograste la victoria a pesar de una imprecisión. Esto muestra que no te rindes fácilmente, una cualidad esencial para el éxito.

Sin embargo, tus debilidades son claras y deben ser abordadas con la disciplina de un soldado en el frente. La más prominente es tu **comprensión posicional y estratégica**. Demasiados errores caen en esta categoría, como tu movimiento 33...Bc3 en la partida #3, 14...Nd7 en la partida #5, 9.Ne2 en la partida #10, y los movimientos 24...Qh6 y 25...Bb8 en la partida #13. Estos movimientos sugieren que a veces pierdes el rumbo del plan general, subestimas la importancia de la estructura de peones o no evalúas correctamente las ventajas a largo plazo.

Además, he notado una **falta de precisión en el cálculo táctico, especialmente en secuencias de captura**. Tu 29.Rxc6 en la partida #1 y 18...Nxf6 en la partida #5 son ejemplos claros de 'Capture Blunders'. Debes ser más riguroso y verificar dos y tres veces las consecuencias de cada captura. No te precipites, camarada.

Mi consejo es el siguiente:
1.  **Estudia los clásicos de la estrategia**: Lee a Nimzowitsch, Capablanca, Steinitz. Comprende los principios de profilaxis, el control de casillas débiles y la importancia de los peones.
2.  **Ejercicios de táctica diarios**: No solo los de mate en uno o dos. Enfócate en combinaciones más largas, en la eliminación de defensores y en la evaluación de intercambios. Presta especial atención a los ejercicios que involucran capturas forzadas.
3.  **Revisa tus partidas sin el motor**: Primero, intenta encontrar tus propios errores y los de tu oponente. Solo después, usa la máquina para confirmar y profundizar. Pregúntate: ""¿Por qué hice ese movimiento? ¿Qué otras opciones tenía? ¿Cuál era el plan de mi oponente?""

Recuerda, cada error es una lección, cada derrota es una oportunidad para crecer. ¡El camino hacia la maestría es arduo, pero con disciplina y estudio, forjaremos un campeón! ¡Adelante, camarada!",2026-07-21 22:10:46.054484,2026-07-21 22:10:46.054484
